"ID";"Date";"Price";"Amount"
1;"2016-11-30";0;1
2;"2014-11-11";0;1
3;"2013-06-11";0;2
3;"2013-06-25";0;2
3;"2014-05-05";125;3
3;"2015-05-05";50;3
5;"2015-10-15";0;2
6;"2015-06-10";300;6
8;"2017-07-27";140;2
7;"2016-04-03";140;1
9;"2015-08-12";150;2
10;"2016-11-10";0;6
11;"2013-08-27";150;1
12;"2013-11-11";125;2
13;"2013-08-13";300;1
13;"2013-08-13";150;1
13;"2012-11-01";150;2
13;"2014-09-09";125;1
14;"2016-08-23";0;2
15;"2017-11-09";0;2
15;"2017-12-14";0;2
16;"2014-10-09";140;2
17;"2013-08-13";125;2
17;"2014-08-12";125;2
17;"2014-05-05";125;2
17;"2015-08-12";140;2
17;"2013-11-11";125;3
17;"2013-06-25";125;2
18;"2013-08-27";125;3
18;"2014-06-25";125;2
18;"2015-06-10";140;2
18;"2013-10-08";125;2
18;"2014-11-11";140;2
18;"2015-05-05";140;2
19;"2017-12-14";140;2
19;"2017-08-24";140;2
20;"2014-11-11";140;2
20;"2013-11-17";150;2
21;"2013-08-13";125;2
21;"2014-08-26";125;2
21;"2014-09-09";125;2
22;"2014-06-25";0;4
23;"2017-12-14";150;2
24;"2017-10-16";140;2
24;"2017-12-14";140;2
24;"2017-08-24";300;2
24;"2017-09-19";140;2
25;"2014-05-05";0;2
25;"2012-11-01";0;1
26;"2014-09-09";125;2
26;"2014-11-11";140;2
26;"2015-05-05";140;2
26;"2014-08-26";125;2
26;"2016-06-23";140;2
26;"2017-06-22";140;2
26;"2017-07-27";140;2
26;"2015-06-10";140;2
26;"2017-09-19";140;2
26;"2017-08-24";140;2
26;"2014-06-25";125;2
27;"2013-06-11";300;2
28;"2016-06-23";140;2
28;"2017-10-16";140;2
28;"2016-09-06";140;2
29;"2017-08-24";140;2
29;"2017-11-09";140;2
29;"2017-07-27";150;2
30;"2016-11-10";140;2
30;"2014-09-09";125;2
30;"2014-11-11";140;2
31;"2014-08-12";125;2
31;"2014-11-11";140;2
31;"2014-09-09";125;2
31;"2014-10-09";140;2
32;"2012-11-11";150;2
34;"2014-08-12";125;2
34;"2014-08-26";125;3
34;"2014-10-09";140;2
34;"2013-10-17";125;3
34;"2015-06-10";140;2
33;"2017-07-27";140;2
33;"2017-08-24";140;2
33;"2017-09-06";140;2
33;"2017-10-16";140;2
33;"2017-11-09";140;4
35;"2015-07-30";140;2
36;"2015-10-15";140;2
37;"2013-10-08";125;2
37;"2013-10-17";125;3
38;"2013-11-11";150;1
39;"2013-11-17";125;3
39;"2014-05-05";125;1
39;"2014-06-25";125;2
39;"2014-09-09";125;2
39;"2014-11-11";140;2
39;"2015-05-05";140;2
39;"2014-08-26";125;2
39;"2015-06-17";140;2
39;"2015-10-15";140;2
39;"2015-11-11";140;2
39;"2015-06-10";140;2
39;"2013-10-17";150;1
39;"2016-06-23";140;2
39;"2016-09-06";140;2
39;"2016-10-24";140;2
39;"2016-11-10";140;2
39;"2016-11-30";140;2
39;"2017-06-22";140;2
39;"2017-09-06";140;2
39;"2017-10-16";140;2
39;"2017-12-14";140;3
39;"2015-11-30";140;2
39;"2015-12-07";104;2
40;"2016-08-23";300;1
40;"2016-08-23";150;1
41;"2013-11-11";300;3
43;"2015-09-08";300;2
44;"2015-09-08";300;1
45;"2016-11-30";0;3
45;"2017-11-09";0;2
42;"2013-07-30";0;1
42;"2013-07-30";125;1
46;"2013-10-17";0;4
46;"2014-09-09";0;2
46;"2016-11-30";0;1
46;"2017-09-19";0;2
46;"2015-10-15";0;2
46;"2016-11-10";0;1
49;"2015-11-11";140;2
48;"2014-08-26";125;2
47;"2014-06-25";125;1
50;"2016-08-10";150;2
51;"2017-12-14";0;2
52;"2016-11-10";140;2
54;"2016-11-10";140;3
53;"2014-10-09";140;2
53;"2014-11-11";140;4
55;"2015-05-05";140;1
56;"2017-08-24";0;2
56;"2016-11-10";95;8
56;"2016-11-10";0;2
57;"2014-08-26";125;2
58;"2017-07-27";150;2
59;"2014-11-11";140;4
59;"2014-10-09";140;2
60;"2014-06-25";125;2
60;"2014-08-26";125;2
61;"2017-09-19";140;1
63;"2015-08-26";140;2
63;"2015-09-08";140;2
63;"2015-06-17";140;2
63;"2015-05-05";140;2
63;"2015-06-10";140;2
63;"2015-07-30";140;2
63;"2015-08-12";140;2
64;"2015-10-15";140;2
62;"2014-08-26";100;2
62;"2014-09-09";125;2
62;"2013-06-11";125;3
62;"2017-09-06";140;3
62;"2017-11-09";140;2
62;"2014-10-09";140;2
62;"2017-08-24";140;2
62;"2016-04-03";140;2
62;"2016-10-24";140;3
62;"2016-11-30";140;2
62;"2015-12-07";140;2
62;"2017-06-22";140;2
65;"2015-06-10";150;1
65;"2015-06-10";300;1
66;"2013-06-25";0;1
67;"2016-08-10";150;3
68;"2017-07-27";300;1
69;"2012-10-11";95;2
69;"2013-08-13";125;2
69;"2013-10-08";125;2
70;"2014-08-12";125;2
70;"2015-07-30";140;2
70;"2014-06-25";125;2
70;"2015-08-26";140;2
71;"2015-08-26";300;2
72;"2013-08-13";125;2
72;"2015-08-26";140;6
72;"2017-07-27";140;2
73;"2013-11-11";300;2
74;"2013-06-11";300;1
75;"2013-08-13";125;2
76;"2013-11-17";0;3
77;"2017-12-14";0;2
78;"2017-11-09";0;2
79;"2012-10-23";95;2
79;"2013-06-25";125;2
80;"2014-10-09";140;2
80;"2014-11-11";140;3
82;"2016-11-30";140;2
81;"2014-05-05";300;1
81;"2014-10-09";140;2
81;"2015-11-30";140;2
81;"2015-12-07";140;2
81;"2016-09-06";140;2
81;"2015-06-10";140;2
81;"2017-08-24";140;1
81;"2017-12-14";140;2
81;"2015-06-17";140;2
83;"2015-10-15";140;2
84;"2014-10-09";140;4
84;"2014-11-11";140;4
84;"2014-08-26";125;6
84;"2014-09-09";125;1
84;"2015-12-07";140;2
84;"2016-10-24";140;2
84;"2016-11-30";140;1
84;"2017-08-24";140;2
84;"2017-12-14";140;1
84;"2015-11-30";140;2
84;"2015-11-11";140;11
85;"2012-11-01";95;2
85;"2013-10-08";125;2
85;"2012-10-11";95;2
86;"2013-11-17";0;2
87;"2015-11-11";140;2
89;"2016-10-24";140;2
88;"2012-10-11";95;2
88;"2012-10-23";95;2
88;"2014-06-25";125;2
88;"2017-11-09";140;3
88;"2012-11-01";95;2
88;"2012-11-11";95;2
90;"2013-11-11";300;2
91;"2015-05-05";140;1
91;"2012-11-01";150;1
92;"2017-11-09";0;2
93;"2016-04-03";95;2
94;"2013-11-17";0;1
96;"2016-11-10";140;3
95;"2013-06-11";150;4
95;"2014-06-25";125;2
95;"2015-05-05";140;4
95;"2014-08-26";125;2
95;"2014-10-09";140;3
97;"2015-09-08";300;1
98;"2013-08-13";125;2
100;"2015-09-08";300;1
100;"2015-09-08";150;1
99;"2015-05-05";140;3
99;"2015-07-30";140;3
99;"2014-08-12";125;2
101;"2017-06-22";140;2
102;"2017-11-09";0;2
103;"2014-10-09";140;2
103;"2014-11-11";140;2
103;"2015-05-05";140;2
103;"2015-06-10";140;2
103;"2015-06-17";140;2
103;"2015-07-30";140;2
103;"2015-08-12";140;2
103;"2016-06-23";140;5
103;"2016-08-23";140;2
103;"2016-09-06";140;2
103;"2016-10-24";140;4
103;"2014-08-26";125;2
103;"2014-09-09";125;2
104;"2017-12-14";0;2
105;"2015-05-05";140;2
105;"2015-07-30";140;3
105;"2015-08-12";140;2
105;"2014-08-12";125;3
105;"2014-08-26";125;2
106;"2016-06-23";140;3
107;"2014-11-11";140;2
108;"2013-08-13";125;2
108;"2013-11-11";125;2
108;"2017-07-27";140;3
108;"2013-11-17";300;3
108;"2015-08-12";140;1
109;"2012-11-11";95;3
109;"2014-11-11";140;3
109;"2015-08-12";140;2
109;"2015-11-11";140;2
109;"2016-08-10";140;2
109;"2017-06-22";140;2
109;"2017-08-24";140;2
109;"2013-08-13";125;3
109;"2013-08-27";125;3
110;"2015-11-30";140;1
111;"2014-08-26";300;1
111;"2014-08-26";150;1
112;"2012-11-11";95;2
112;"2013-06-11";125;2
113;"2017-07-27";95;1
114;"2014-11-11";140;2
115;"2013-11-17";0;2
116;"2014-08-12";100;2
117;"2014-06-25";100;4
118;"2017-09-19";140;2
119;"2014-09-09";150;1
120;"2015-07-30";140;1
120;"2017-07-27";140;1
121;"2013-10-08";125;2
122;"2013-10-17";0;3
124;"2015-08-12";140;1
123;"2013-10-17";150;1
123;"2015-07-30";140;1
123;"2013-11-17";150;1
123;"2014-05-05";125;1
125;"2014-10-09";140;2
126;"2013-10-17";0;1
127;"2014-06-25";125;3
128;"2016-08-10";300;2
129;"2017-11-09";0;1
130;"2013-10-08";150;2
131;"2013-11-11";0;2
131;"2013-11-17";0;2
131;"2013-10-17";0;2
131;"2014-11-11";140;4
131;"2014-11-11";0;2
131;"2014-06-25";0;2
131;"2014-10-09";0;2
131;"2016-11-10";0;2
131;"2015-10-15";0;6
131;"2015-11-11";0;2
132;"2012-10-23";95;2
132;"2013-06-25";125;2
133;"2014-08-12";125;2
135;"2015-10-15";140;2
134;"2014-11-11";150;1
134;"2014-11-11";300;1
134;"2017-08-24";140;2
134;"2017-11-09";140;2
136;"2013-08-13";300;2
138;"2014-11-11";140;2
138;"2015-06-17";140;2
138;"2014-08-26";125;1
138;"2014-09-09";125;2
138;"2017-07-27";0;2
138;"2014-10-09";140;3
138;"2017-10-16";140;2
138;"2015-09-08";140;2
138;"2015-12-07";140;2
138;"2013-11-11";125;2
138;"2015-07-30";140;1
138;"2015-05-05";140;3
138;"2013-10-17";125;2
138;"2017-09-19";140;2
138;"2017-07-27";140;1
143;"2017-11-09";140;2
143;"2017-12-14";140;2
141;"2015-09-08";50;2
142;"2016-06-23";140;1
142;"2016-08-23";140;1
137;"2017-11-09";140;1
137;"2014-08-26";125;2
137;"2016-10-24";140;1
137;"2016-11-10";140;1
137;"2014-09-09";125;2
137;"2017-12-14";140;1
137;"2015-10-15";0;1
137;"2015-11-30";0;1
137;"2014-10-09";140;1
137;"2016-08-10";140;1
137;"2014-11-11";140;1
137;"2015-05-05";140;1
137;"2015-12-07";0;1
137;"2016-04-03";140;1
140;"2014-10-09";140;2
139;"2015-08-12";0;2
139;"2016-04-03";0;2
139;"2014-08-26";0;2
139;"2014-11-11";0;2
144;"2014-06-25";0;1
145;"2015-10-15";0;1
145;"2017-12-14";0;1
145;"2015-12-07";0;1
146;"2014-08-26";125;2
147;"2014-09-09";0;2
148;"2017-12-14";0;2
149;"2013-06-11";125;2
149;"2013-08-13";125;2
149;"2014-10-09";140;2
150;"2017-11-09";0;1
151;"2017-07-27";300;1
152;"2016-11-30";0;6
152;"2017-07-27";0;8
153;"2013-08-13";300;2
153;"2015-12-07";140;1
153;"2013-10-17";125;4
154;"2013-08-27";125;2
155;"2017-12-14";0;1
156;"2012-10-23";95;2
156;"2014-10-09";140;2
157;"2016-09-06";0;2
158;"2016-04-03";0;2
159;"2014-08-12";0;1
159;"2014-08-26";0;1
159;"2015-06-17";140;2
159;"2015-07-30";140;1
159;"2014-09-09";100;3
159;"2015-05-05";0;2
159;"2015-10-15";0;1
159;"2015-11-30";0;1
159;"2016-04-03";0;1
159;"2016-06-23";140;1
159;"2016-08-23";0;1
159;"2016-10-24";0;1
159;"2016-11-10";0;1
159;"2017-06-22";0;2
159;"2017-09-06";0;2
159;"2017-09-19";0;2
159;"2017-10-16";0;2
159;"2015-08-26";140;1
159;"2015-09-08";140;1
159;"2017-12-14";0;2
160;"2013-11-11";125;2
161;"2014-08-12";0;1
161;"2014-08-26";0;2
161;"2015-05-05";140;3
161;"2014-06-25";0;2
161;"2017-09-06";0;1
161;"2017-06-22";0;2
161;"2014-05-05";0;2
162;"2012-10-11";0;2
163;"2015-05-05";300;2
164;"2012-10-11";300;2
164;"2012-10-11";150;1
165;"2012-10-11";300;1
165;"2015-11-11";300;2
166;"2014-11-11";140;2
166;"2017-11-09";140;2
167;"2017-11-09";0;2
168;"2013-10-08";125;3
168;"2013-11-11";125;2
168;"2014-08-26";125;2
168;"2014-09-09";125;4
168;"2013-11-17";125;2
168;"2014-08-12";125;1
168;"2015-05-05";140;2
168;"2015-06-10";140;2
168;"2014-10-09";140;2
168;"2014-11-11";140;2
168;"2015-08-12";140;2
168;"2015-09-08";140;2
168;"2015-10-15";140;4
168;"2015-11-11";140;2
168;"2015-11-30";140;2
168;"2015-12-07";140;2
168;"2016-04-03";140;2
168;"2016-06-23";140;2
168;"2016-08-10";140;2
168;"2016-08-23";140;2
168;"2016-09-06";140;2
168;"2015-06-17";140;2
168;"2015-07-30";140;3
168;"2017-06-22";140;2
168;"2017-09-06";140;2
168;"2017-09-19";140;2
168;"2017-10-16";140;3
168;"2017-11-09";140;2
168;"2016-11-10";140;2
168;"2016-10-24";140;2
169;"2013-08-13";125;2
169;"2013-08-27";125;2
169;"2013-06-25";125;1
169;"2014-08-26";125;2
169;"2015-05-05";140;2
169;"2014-06-25";125;2
169;"2014-08-12";125;2
169;"2015-08-12";150;2
169;"2015-08-26";140;2
169;"2015-09-08";140;2
169;"2016-04-03";140;2
169;"2016-06-23";140;2
169;"2016-08-10";140;2
169;"2016-09-06";140;2
169;"2016-10-24";140;2
169;"2016-11-30";140;2
169;"2017-11-09";140;2
169;"2015-05-05";140;2
169;"2015-06-17";140;2
170;"2013-07-30";150;2
170;"2014-10-09";140;2
170;"2015-06-10";140;2
170;"2015-10-15";140;2
170;"2015-10-15";140;1
170;"2015-11-11";140;2
170;"2017-07-27";140;2
170;"2017-12-14";140;1
170;"2014-06-25";150;1
170;"2014-08-26";100;2
170;"2013-07-30";300;1
171;"2014-09-09";125;2
172;"2013-10-08";125;2
172;"2015-10-15";140;2
173;"2017-07-27";300;1
174;"2012-10-23";95;2
175;"2013-11-11";150;5
176;"2017-11-09";140;2
176;"2017-12-14";140;2
176;"2014-06-25";125;2
177;"2013-11-11";150;1
178;"2013-11-11";300;2
178;"2013-11-17";300;2
178;"2013-10-08";300;2
178;"2014-09-09";300;2
178;"2014-08-12";300;2
178;"2014-08-26";0;2
179;"2014-06-25";125;3
179;"2016-08-23";140;3
180;"2013-06-25";125;3
180;"2013-07-30";125;1
180;"2013-10-17";125;2
180;"2014-11-11";140;4
180;"2015-06-17";140;2
180;"2015-10-15";140;1
180;"2014-06-25";125;1
180;"2012-11-11";150;3
180;"2015-12-07";140;1
181;"2016-08-10";140;2
182;"2015-05-05";140;2
182;"2016-04-03";140;2
182;"2016-10-24";140;2
182;"2017-11-09";140;1
182;"2016-08-10";140;2
182;"2016-08-23";140;2
183;"2012-10-23";95;2
183;"2013-10-08";125;2
183;"2013-11-11";125;2
184;"2015-10-15";140;2
186;"2017-12-14";0;1
186;"2016-11-10";0;1
186;"2013-10-08";300;2
186;"2013-11-17";0;2
186;"2017-11-09";0;2
186;"2016-11-30";0;1
187;"2015-11-11";0;2
185;"2012-11-11";0;3
189;"2015-07-30";300;2
189;"2015-07-30";150;1
188;"2015-05-05";140;2
188;"2016-11-30";140;2
188;"2015-10-15";140;2
188;"2014-11-11";140;2
190;"2014-06-25";125;2
190;"2014-08-12";125;2
191;"2016-06-23";140;2
192;"2013-07-30";0;2
193;"2014-10-09";140;2
193;"2014-11-11";140;2
193;"2015-12-07";140;2
193;"2016-10-24";140;1
193;"2017-08-24";140;2
193;"2017-09-06";140;1
193;"2017-09-19";140;1
193;"2017-10-16";140;1
193;"2015-11-11";140;2
193;"2015-11-30";140;2
194;"2015-09-08";140;2
194;"2015-11-30";140;3
194;"2015-12-07";140;2
194;"2015-10-15";140;3
194;"2015-11-11";140;2
194;"2016-08-23";140;1
194;"2016-09-06";140;2
194;"2016-10-24";140;2
194;"2016-11-10";140;1
194;"2016-11-30";140;2
194;"2017-06-22";140;2
194;"2017-09-06";140;2
194;"2017-10-16";140;2
194;"2017-12-14";140;1
194;"2016-04-03";140;2
194;"2016-06-23";140;3
195;"2015-06-10";140;1
195;"2015-08-26";140;1
195;"2017-12-14";140;1
195;"2016-04-03";0;1
195;"2015-12-07";140;1
196;"2016-10-24";140;2
196;"2014-06-25";125;2
197;"2014-06-25";125;2
197;"2014-11-11";140;2
198;"2015-11-11";140;2
198;"2015-06-10";150;1
199;"2017-12-14";140;2
200;"2016-10-24";0;2
201;"2013-08-13";125;6
201;"2013-08-27";125;3
201;"2013-07-30";125;2
201;"2014-08-26";125;2
201;"2014-09-09";125;2
201;"2015-05-05";140;2
201;"2015-10-15";140;2
201;"2014-05-05";125;2
201;"2013-10-17";125;4
202;"2014-11-11";140;3
202;"2015-06-17";140;2
202;"2014-08-26";125;1
202;"2015-07-30";140;2
203;"2014-08-26";125;1
203;"2014-08-26";0;1
204;"2015-05-05";0;2
205;"2014-10-09";140;1
205;"2014-11-11";140;1
205;"2014-08-12";300;1
205;"2014-08-26";300;1
207;"2015-06-10";140;1
207;"2016-08-23";140;2
207;"2015-06-10";0;1
207;"2014-08-26";125;2
206;"2012-11-11";300;1
206;"2014-11-11";140;2
206;"2012-11-11";150;1
206;"2015-11-11";140;2
208;"2013-11-17";150;1
209;"2014-11-11";140;3
209;"2013-08-13";300;2
210;"2013-10-17";125;2
212;"2014-10-09";140;8
212;"2016-06-23";0;2
212;"2016-08-10";140;2
211;"2012-10-11";300;2
213;"2017-07-27";140;2
213;"2013-08-13";150;2
214;"2014-08-12";100;1
214;"2017-07-27";95;2
215;"2014-11-11";140;2
215;"2015-07-30";140;5
215;"2014-10-09";140;3
215;"2015-12-07";140;3
216;"2012-11-11";95;2
216;"2012-11-01";95;2
217;"2013-11-17";125;3
217;"2017-06-22";140;2
217;"2013-07-30";125;3
217;"2013-08-13";125;5
217;"2013-06-11";125;3
217;"2013-06-25";125;2
217;"2013-10-17";125;3
217;"2013-11-11";125;5
217;"2013-08-27";125;3
217;"2013-10-08";125;3
217;"2014-11-11";140;2
217;"2015-05-05";140;2
217;"2015-06-17";140;2
217;"2016-09-06";140;2
217;"2015-10-15";140;1
217;"2015-11-30";140;3
217;"2016-04-03";140;2
217;"2014-05-05";125;2
217;"2014-06-25";125;2
217;"2016-10-24";140;1
217;"2016-11-10";140;2
217;"2017-12-14";140;2
217;"2017-10-16";140;4
217;"2016-11-30";140;2
218;"2016-10-24";140;2
218;"2015-07-30";140;2
218;"2017-12-14";140;4
218;"2017-11-09";140;3
218;"2017-09-19";140;3
219;"2013-11-11";125;2
219;"2017-11-09";140;2
220;"2017-11-09";0;2
221;"2012-10-23";95;2
221;"2012-11-01";95;2
221;"2012-10-11";95;2
221;"2012-11-11";95;2
222;"2012-11-11";95;2
223;"2014-06-25";0;2
224;"2013-08-13";150;1
224;"2014-08-12";125;1
224;"2013-08-27";150;1
224;"2014-06-25";125;1
225;"2015-10-15";0;2
227;"2015-07-30";0;2
227;"2016-06-23";0;3
227;"2016-09-06";0;2
227;"2014-09-09";0;2
227;"2017-06-22";0;2
227;"2016-10-24";0;3
226;"2013-08-13";125;2
226;"2015-09-08";140;2
226;"2013-08-27";125;2
226;"2016-04-03";140;3
226;"2016-04-03";0;1
228;"2013-08-13";300;2
228;"2013-08-13";150;1
229;"2015-06-10";300;1
229;"2015-07-30";150;1
229;"2015-06-10";150;1
229;"2015-07-30";300;1
230;"2013-11-17";0;2
230;"2016-11-10";0;1
230;"2015-10-15";0;1
230;"2015-11-11";0;2
231;"2015-08-12";140;2
231;"2016-09-06";140;2
232;"2014-08-26";125;2
233;"2016-11-30";300;1
233;"2016-11-30";150;1
234;"2015-11-11";0;2
236;"2017-08-24";140;2
236;"2014-06-25";125;2
236;"2015-08-12";140;3
235;"2013-08-27";0;1
237;"2012-10-23";0;6
237;"2013-11-11";0;2
237;"2014-11-11";0;3
237;"2012-11-01";0;11
237;"2012-11-11";0;5
237;"2016-11-10";0;2
237;"2013-11-17";0;3
237;"2015-10-15";300;2
237;"2015-10-15";150;2
237;"2017-11-09";0;6
239;"2014-05-05";125;1
239;"2015-07-30";140;1
239;"2017-06-22";140;2
239;"2017-09-06";140;1
239;"2015-08-12";140;1
239;"2015-08-26";140;1
240;"2016-08-10";140;1
238;"2013-10-08";125;2
238;"2017-09-06";140;2
238;"2013-10-08";125;2
238;"2013-10-17";125;2
238;"2013-11-11";125;2
238;"2016-08-23";140;2
238;"2016-11-10";140;2
241;"2012-11-01";0;1
242;"2014-08-26";125;1
242;"2013-06-11";125;2
242;"2013-10-08";125;2
242;"2017-07-27";140;2
242;"2015-06-10";140;1
242;"2015-07-30";140;1
242;"2015-08-12";140;1
243;"2013-08-13";125;2
243;"2013-11-11";125;2
243;"2014-06-25";125;2
243;"2015-05-05";140;2
243;"2015-08-12";140;2
243;"2015-08-26";140;2
243;"2015-11-11";140;2
243;"2016-06-23";140;2
243;"2013-06-11";125;2
243;"2012-11-01";95;2
243;"2012-10-11";95;2
244;"2017-07-27";300;3
244;"2017-07-27";150;1
245;"2014-05-05";125;2
245;"2015-11-11";140;2
245;"2016-09-06";140;2
246;"2012-10-23";150;2
247;"2014-09-09";0;2
247;"2014-08-26";0;2
248;"2017-09-19";150;1
249;"2013-06-11";100;1
250;"2015-12-07";140;2
251;"2017-12-14";0;2
252;"2017-11-09";0;2
253;"2013-11-11";150;4
255;"2015-05-05";300;2
254;"2013-08-27";125;2
254;"2013-07-30";125;2
254;"2014-10-09";140;2
256;"2015-11-11";140;2
257;"2015-05-05";0;2
257;"2014-09-09";0;2
257;"2015-08-12";0;2
257;"2016-04-03";0;3
257;"2016-09-06";0;3
258;"2015-10-15";140;1
259;"2014-08-12";150;2
259;"2014-08-26";150;2
259;"2014-09-09";150;2
260;"2017-11-09";140;2
261;"2016-11-30";0;1
262;"2014-10-09";150;2
263;"2017-11-09";140;2
265;"2015-05-05";140;2
265;"2013-08-13";125;2
265;"2015-11-30";140;2
265;"2015-06-10";140;2
265;"2016-04-03";140;4
265;"2015-11-11";140;2
265;"2015-12-07";140;4
265;"2017-09-19";140;2
265;"2017-12-14";140;1
264;"2012-11-01";95;2
264;"2012-11-11";95;2
264;"2013-07-30";125;3
264;"2015-10-15";140;1
264;"2013-08-27";125;2
264;"2013-06-11";125;2
264;"2013-11-17";125;2
264;"2014-05-05";125;2
264;"2014-06-25";125;2
264;"2013-10-17";125;2
264;"2012-10-11";95;2
264;"2012-10-23";95;2
264;"2014-10-09";140;2
264;"2014-11-11";140;2
264;"2014-08-12";125;2
264;"2014-08-26";125;3
264;"2014-09-09";125;2
264;"2016-08-10";140;2
264;"2016-09-06";140;2
264;"2017-11-09";140;2
266;"2014-08-26";100;2
267;"2015-05-05";140;1
267;"2014-06-25";125;2
267;"2014-08-26";125;2
267;"2014-10-09";140;1
267;"2015-12-07";140;1
267;"2015-08-26";140;1
267;"2015-10-15";140;1
267;"2015-11-30";140;1
267;"2016-11-30";140;1
267;"2017-07-27";140;1
267;"2017-08-24";140;1
267;"2017-09-19";140;1
267;"2017-10-16";140;2
267;"2017-11-09";140;1
267;"2017-12-14";140;1
267;"2015-11-11";140;2
267;"2016-11-10";140;1
267;"2016-10-24";140;1
267;"2016-08-10";140;1
268;"2015-11-11";140;4
269;"2017-12-14";140;2
269;"2016-11-10";140;2
270;"2012-11-11";0;2
271;"2017-12-14";0;2
272;"2014-09-09";125;2
272;"2014-08-26";125;2
273;"2013-10-08";0;1
273;"2017-09-06";0;3
274;"2013-08-13";50;1
275;"2016-08-23";140;2
276;"2016-10-24";140;3
277;"2017-10-16";140;2
278;"2017-06-22";0;2
278;"2017-09-19";0;2
279;"2014-11-11";140;2
279;"2017-11-09";140;2
280;"2016-04-03";150;5
280;"2016-04-03";300;4
281;"2015-07-30";300;2
282;"2015-08-26";0;3
282;"2016-06-23";0;2
282;"2015-11-11";0;6
282;"2015-12-07";0;1
282;"2016-04-03";0;2
282;"2017-08-24";0;1
282;"2016-09-06";0;2
282;"2016-10-24";0;2
282;"2017-07-27";0;2
282;"2017-09-19";0;2
282;"2014-05-05";0;4
282;"2017-09-06";95;2
283;"2013-11-11";0;4
283;"2015-08-12";0;5
283;"2013-10-17";0;6
283;"2014-08-12";0;2
283;"2013-10-08";0;2
283;"2013-11-17";0;2
284;"2016-10-24";50;6
284;"2016-10-24";0;2
285;"2014-08-12";100;2
286;"2013-10-17";150;2
286;"2013-10-17";300;1
287;"2015-06-17";140;2
288;"2012-11-01";0;4
288;"2013-10-08";0;2
289;"2016-10-24";0;1
290;"2016-11-30";0;2
290;"2017-12-14";0;2
291;"2015-07-30";95;2
292;"2014-06-25";125;2
293;"2014-10-09";140;3
294;"2014-05-05";0;2
294;"2015-09-08";0;1
295;"2015-11-11";0;10
296;"2014-08-12";100;1
297;"2014-11-11";140;2
297;"2017-07-27";140;2
297;"2015-06-10";140;2
298;"2015-11-11";140;2
299;"2014-06-25";125;2
299;"2015-12-07";140;2
299;"2014-09-09";125;3
299;"2014-10-09";140;2
299;"2015-06-10";140;3
299;"2016-08-10";140;3
299;"2016-10-24";140;3
299;"2014-08-26";125;2
300;"2014-09-09";125;2
300;"2014-08-12";100;1
300;"2016-11-10";140;6
300;"2016-11-30";140;4
300;"2017-09-19";140;4
300;"2016-10-24";140;2
300;"2015-10-15";140;2
300;"2014-10-09";100;2
300;"2017-08-24";140;3
301;"2014-05-05";150;2
301;"2014-08-12";125;2
301;"2014-08-26";125;2
301;"2014-09-09";125;2
301;"2016-04-03";140;2
301;"2016-06-23";140;2
301;"2017-06-22";140;2
301;"2017-07-27";140;3
301;"2017-08-24";140;2
301;"2017-09-19";140;1
302;"2015-11-11";140;4
302;"2014-06-25";150;2
302;"2014-09-09";125;2
303;"2013-08-13";125;2
303;"2013-08-27";125;2
303;"2015-06-10";140;2
303;"2016-09-06";140;2
303;"2016-10-24";140;3
304;"2013-08-27";0;1
305;"2013-10-08";300;2
306;"2014-08-12";100;2
306;"2016-10-24";140;5
307;"2013-11-17";0;1
307;"2013-10-08";0;1
307;"2013-11-11";0;1
308;"2015-11-11";0;2
309;"2014-11-11";140;2
310;"2014-11-11";0;4
310;"2014-10-09";0;3
311;"2017-07-27";95;2
312;"2014-10-09";140;2
316;"2015-08-26";140;1
315;"2015-07-30";140;1
315;"2015-11-11";140;1
315;"2015-12-07";140;1
315;"2016-04-03";140;1
315;"2015-05-05";140;2
315;"2016-08-10";140;1
315;"2015-10-15";140;2
314;"2014-06-25";125;1
313;"2014-10-09";140;2
313;"2015-10-15";140;4
313;"2015-09-08";140;4
313;"2013-08-27";150;2
313;"2014-11-11";140;3
317;"2012-10-23";300;1
317;"2012-10-11";300;1
317;"2012-10-11";150;2
317;"2013-07-30";125;2
317;"2013-10-17";150;1
317;"2013-11-11";125;1
317;"2013-11-17";150;3
317;"2014-06-25";125;1
317;"2014-08-12";125;1
317;"2014-08-26";125;1
317;"2014-09-09";125;1
317;"2014-10-09";140;1
317;"2012-10-23";150;2
317;"2012-11-11";300;1
317;"2012-11-11";150;2
317;"2015-11-11";140;1
317;"2013-10-08";125;2
317;"2016-10-24";140;1
317;"2017-07-27";140;2
317;"2017-12-14";140;2
317;"2014-11-11";140;1
317;"2015-06-10";140;1
317;"2015-08-26";140;1
317;"2015-12-07";140;1
318;"2014-11-11";140;2
319;"2015-05-05";150;1
319;"2015-11-30";140;2
319;"2015-07-30";150;1
320;"2013-10-08";0;2
321;"2017-11-09";0;2
322;"2012-11-01";300;1
323;"2013-11-11";125;1
323;"2013-10-17";125;1
323;"2015-11-11";140;1
323;"2015-11-30";140;1
323;"2014-10-09";140;1
323;"2014-11-11";140;1
323;"2016-11-30";140;1
323;"2017-11-09";140;1
323;"2015-12-07";140;1
323;"2016-11-10";140;1
323;"2013-10-08";125;1
323;"2013-11-17";125;1
324;"2014-11-11";150;1
324;"2016-08-10";150;1
325;"2013-06-11";125;2
325;"2017-09-19";140;2
325;"2017-10-16";140;2
325;"2017-06-22";140;2
325;"2017-07-27";140;2
325;"2012-11-01";95;2
325;"2016-06-23";140;2
325;"2016-09-06";140;2
326;"2014-08-12";125;5
326;"2016-11-10";140;2
327;"2015-08-26";0;2
328;"2017-07-27";140;1
329;"2017-07-27";140;1
330;"2015-08-12";300;2
331;"2016-04-03";0;1
331;"2016-04-03";140;2
332;"2014-11-11";0;2
333;"2016-11-30";140;2
335;"2016-10-24";140;2
334;"2014-08-26";125;3
334;"2014-08-12";125;2
334;"2016-08-10";140;2
334;"2015-06-10";140;4
334;"2016-06-23";140;2
334;"2016-11-10";140;2
334;"2017-09-06";140;2
334;"2015-07-30";140;4
334;"2017-10-16";140;2
334;"2017-11-09";140;2
334;"2017-12-14";140;2
334;"2016-08-23";140;2
334;"2017-09-19";140;2
334;"2016-09-06";140;2
336;"2012-11-11";0;2
336;"2014-05-05";0;2
338;"2017-11-09";140;2
337;"2015-07-30";140;1
337;"2015-07-30";140;1
339;"2013-08-27";125;1
339;"2015-06-17";140;1
340;"2015-06-17";0;2
341;"2017-07-27";140;1
341;"2014-11-11";140;2
342;"2012-10-23";95;2
342;"2012-11-11";95;2
342;"2013-11-11";125;2
343;"2017-12-14";0;2
344;"2014-08-26";0;2
345;"2017-11-09";0;2
345;"2017-12-14";0;2
346;"2015-11-30";300;2
347;"2013-07-30";125;2
347;"2013-08-13";125;2
347;"2016-10-24";140;2
347;"2013-08-27";125;3
347;"2015-09-08";140;2
347;"2017-09-06";140;2
348;"2017-06-22";150;1
349;"2013-07-30";125;1
350;"2014-05-05";125;1
351;"2013-08-13";125;4
351;"2013-07-30";150;2
351;"2014-10-09";140;2
351;"2014-08-12";125;6
351;"2014-08-26";125;4
351;"2016-08-23";140;2
351;"2014-06-25";125;2
351;"2017-08-24";140;2
351;"2017-09-06";140;2
351;"2017-10-16";140;2
351;"2017-11-09";140;2
351;"2016-11-30";140;2
351;"2014-11-11";140;2
351;"2016-06-23";140;2
351;"2016-04-03";140;2
352;"2013-06-11";125;2
353;"2017-11-09";0;0
354;"2012-11-01";95;2
354;"2013-07-30";125;2
354;"2013-10-08";125;4
355;"2013-11-17";125;3
355;"2012-10-23";300;2
355;"2013-10-08";125;2
355;"2013-10-17";125;1
355;"2013-11-11";125;2
356;"2014-11-11";0;1
357;"2014-11-11";0;2
357;"2015-10-15";0;2
357;"2016-11-10";0;1
358;"2013-10-17";0;2
359;"2015-11-30";140;1
360;"2014-10-09";140;1
360;"2014-11-11";140;1
360;"2016-06-23";140;1
360;"2015-10-15";140;1
360;"2015-11-11";140;1
360;"2015-12-07";140;1
361;"2017-11-09";0;2
362;"2013-11-17";125;2
362;"2012-10-11";95;2
363;"2013-11-17";300;2
364;"2014-08-12";125;2
365;"2017-12-14";140;1
366;"2012-10-23";95;1
366;"2012-11-01";95;1
367;"2015-06-17";140;2
367;"2017-09-19";140;2
367;"2017-10-16";140;2
367;"2016-06-23";140;2
367;"2017-09-06";140;2
367;"2017-08-24";140;2
368;"2017-07-27";95;2
369;"2016-10-24";0;2
370;"2017-07-27";140;2
371;"2012-10-23";300;2
371;"2013-06-25";150;2
371;"2013-11-11";125;2
371;"2014-06-25";125;3
371;"2014-08-26";125;2
371;"2014-10-09";140;2
371;"2015-12-07";140;2
371;"2016-04-03";140;2
371;"2016-10-24";140;2
371;"2017-09-06";140;1
371;"2017-09-19";140;2
371;"2017-10-16";140;2
371;"2017-11-09";140;2
371;"2017-12-14";140;2
371;"2015-11-30";140;2
371;"2014-11-11";140;6
371;"2015-06-10";140;2
371;"2015-08-26";140;2
373;"2016-06-23";140;2
372;"2013-10-08";125;2
372;"2016-08-23";140;2
372;"2015-11-11";140;2
372;"2016-04-03";140;2
374;"2014-08-12";125;2
375;"2013-08-27";125;1
375;"2013-08-27";0;1
376;"2012-11-01";95;2
376;"2012-10-11";95;2
376;"2013-11-11";125;2
376;"2013-08-13";125;2
376;"2013-10-17";125;2
376;"2014-09-09";125;2
376;"2013-06-25";125;2
377;"2016-11-30";0;2
378;"2014-05-05";150;1
379;"2014-06-25";125;2
380;"2013-08-13";300;1
381;"2015-07-30";300;1
382;"2014-08-12";300;2
383;"2015-07-30";150;1
383;"2015-08-12";150;1
383;"2015-08-26";150;1
383;"2015-09-08";150;2
385;"2016-11-10";0;2
385;"2017-12-14";0;2
386;"2017-11-09";0;8
384;"2013-11-17";150;2
384;"2015-10-15";140;2
384;"2015-10-15";140;2
384;"2015-11-11";140;2
384;"2016-11-30";300;1
384;"2015-11-30";140;2
384;"2015-12-07";140;2
384;"2016-11-30";150;1
387;"2013-06-11";125;2
387;"2013-07-30";125;2
387;"2013-11-11";125;5
388;"2014-06-25";150;2
389;"2015-08-26";0;2
389;"2015-09-08";0;2
389;"2016-11-10";0;2
389;"2016-11-30";0;2
389;"2017-09-19";0;2
389;"2016-10-24";0;2
389;"2015-11-11";0;1
389;"2015-11-30";0;2
389;"2016-06-23";0;2
390;"2014-08-12";100;1
391;"2015-08-26";140;2
391;"2015-10-15";140;1
392;"2015-07-30";150;3
393;"2015-06-10";300;1
394;"2014-06-25";125;2
395;"2013-11-11";150;2
395;"2013-11-11";300;1
396;"2015-06-17";140;2
396;"2014-06-25";125;2
397;"2012-11-01";95;2
397;"2013-06-25";125;2
398;"2013-07-30";125;2
398;"2012-10-23";95;2
398;"2013-06-11";125;2
398;"2013-10-17";125;2
398;"2012-10-11";95;2
398;"2013-08-27";125;2
398;"2013-10-08";125;1
398;"2014-08-12";125;2
398;"2013-08-13";125;2
398;"2014-09-09";125;2
398;"2014-11-11";140;2
398;"2015-06-10";140;2
398;"2015-08-26";140;2
398;"2015-10-15";140;2
398;"2016-04-03";140;2
398;"2016-08-10";140;2
398;"2016-11-10";140;1
398;"2013-11-11";125;2
398;"2013-11-17";125;1
398;"2014-06-25";125;2
398;"2017-10-16";140;2
398;"2014-08-26";125;2
398;"2017-12-14";140;2
398;"2017-07-27";140;2
398;"2017-09-06";140;2
398;"2017-06-22";140;2
398;"2017-11-09";140;2
399;"2014-08-12";300;2
400;"2013-08-27";125;2
400;"2013-08-13";125;2
400;"2017-07-27";140;3
400;"2013-11-11";125;2
400;"2017-06-22";140;3
400;"2015-07-30";140;3
400;"2017-09-19";140;2
402;"2016-11-30";0;2
402;"2014-05-05";0;2
402;"2014-06-25";0;2
401;"2013-10-08";300;2
403;"2015-12-07";140;2
404;"2012-11-11";95;2
405;"2017-11-09";0;1
406;"2014-08-26";125;3
406;"2014-06-25";125;2
406;"2017-06-22";140;2
406;"2015-06-17";140;4
406;"2015-09-08";140;1
406;"2015-05-05";140;2
406;"2017-07-27";140;2
406;"2017-09-19";140;2
407;"2014-08-26";125;2
407;"2015-05-05";140;2
407;"2015-07-30";140;3
407;"2014-10-09";140;2
407;"2014-11-11";140;2
407;"2016-04-03";140;2
407;"2016-06-23";140;2
407;"2015-08-12";140;2
407;"2015-08-26";140;2
407;"2014-08-12";150;2
407;"2016-09-06";140;3
407;"2014-09-09";125;2
407;"2017-06-22";140;3
407;"2017-07-27";140;5
407;"2017-08-24";140;3
407;"2017-09-06";140;3
407;"2017-09-19";140;3
407;"2017-10-16";140;3
407;"2017-11-09";140;3
407;"2017-12-14";140;4
407;"2016-06-23";140;2
407;"2016-08-10";140;4
407;"2016-08-23";140;3
407;"2016-10-24";140;4
408;"2015-05-05";140;2
408;"2015-06-10";140;2
408;"2015-10-15";140;2
408;"2015-11-11";140;4
408;"2015-12-07";140;2
408;"2016-04-03";140;2
408;"2016-06-23";140;2
408;"2016-08-10";140;2
408;"2016-10-24";140;2
408;"2016-11-30";140;1
408;"2017-06-22";140;2
408;"2014-05-05";125;2
408;"2017-09-06";140;2
408;"2017-09-19";140;3
408;"2015-08-12";140;2
408;"2017-11-09";140;2
408;"2017-12-14";140;2
408;"2013-11-17";125;3
408;"2013-11-11";125;3
408;"2017-10-16";140;4
408;"2017-08-24";140;2
410;"2015-11-30";140;2
409;"2013-10-08";125;1
411;"2013-11-17";125;2
411;"2014-11-11";140;3
411;"2015-10-15";140;4
411;"2015-11-11";140;4
411;"2015-11-30";140;3
412;"2017-11-09";140;2
413;"2015-09-08";140;2
414;"2013-08-27";125;1
414;"2013-08-27";0;1
415;"2014-05-05";0;2
416;"2015-09-08";0;2
416;"2013-08-13";0;2
417;"2015-07-30";140;4
417;"2014-11-11";140;2
417;"2016-09-06";140;2
417;"2015-08-12";140;2
417;"2016-06-23";140;2
417;"2017-07-27";140;2
417;"2015-12-07";140;2
417;"2016-11-10";140;2
418;"2017-11-09";0;3
420;"2015-10-15";140;2
420;"2015-08-12";140;2
419;"2013-08-13";150;1
419;"2013-08-13";300;2
421;"2014-08-12";125;2
423;"2015-08-12";140;2
422;"2013-08-13";300;2
424;"2016-11-30";0;3
425;"2012-11-11";95;2
425;"2012-10-11";95;2
425;"2012-11-01";95;2
425;"2016-06-23";140;2
426;"2013-08-27";125;2
426;"2013-07-30";125;2
426;"2013-06-25";125;2
427;"2013-10-08";125;2
428;"2015-10-15";140;1
428;"2015-11-11";140;1
428;"2014-11-11";150;1
429;"2012-10-11";150;2
430;"2014-08-12";125;3
430;"2012-11-11";95;6
430;"2013-10-17";125;2
430;"2012-10-23";95;3
430;"2014-08-26";125;3
431;"2017-07-27";95;2
432;"2013-08-27";0;1
433;"2014-05-05";0;2
434;"2015-06-10";140;1
435;"2015-06-17";150;1
435;"2015-06-10";140;1
435;"2015-06-17";300;1
435;"2017-09-06";140;2
435;"2015-09-08";140;1
435;"2016-04-03";0;1
435;"2016-04-03";140;1
435;"2015-06-10";0;1
435;"2017-09-19";140;3
436;"2012-11-01";0;2
437;"2015-06-10";140;1
437;"2015-07-30";140;2
438;"2014-11-11";140;2
438;"2015-06-10";140;2
439;"2014-11-11";140;3
440;"2013-08-27";125;2
440;"2012-11-01";300;1
440;"2013-08-13";125;2
440;"2017-07-27";140;2
440;"2014-09-09";125;2
440;"2014-10-09";140;2
440;"2014-08-26";125;3
440;"2017-08-24";140;2
440;"2017-09-06";140;2
441;"2016-06-23";140;4
441;"2014-09-09";0;4
441;"2017-07-27";140;4
442;"2013-11-11";300;2
442;"2017-11-09";140;2
442;"2017-11-09";0;2
442;"2017-12-14";140;2
442;"2017-10-16";140;2
442;"2016-11-10";140;3
442;"2016-11-30";140;2
442;"2013-11-11";150;1
443;"2017-06-22";140;2
444;"2013-11-17";125;2
444;"2013-11-11";125;2
445;"2013-10-08";125;2
445;"2014-10-09";140;2
445;"2014-11-11";140;3
445;"2013-11-17";125;3
446;"2013-07-30";125;1
446;"2013-07-30";0;1
446;"2013-10-08";125;2
446;"2013-11-17";125;4
446;"2013-10-17";125;2
447;"2016-11-30";0;6
4;"2015-11-11";0;2
4;"2015-10-15";0;2
4;"2016-11-10";0;2
448;"2014-10-09";140;2
448;"2015-05-05";140;2
448;"2015-07-30";140;2
448;"2015-09-08";140;2
448;"2015-10-15";140;2
448;"2015-11-11";140;2
448;"2015-12-07";140;2
448;"2016-08-10";140;2
448;"2016-11-10";140;2
448;"2017-07-27";140;2
448;"2017-08-24";140;2
448;"2017-09-06";140;2
448;"2017-12-14";140;2
448;"2017-11-09";140;2
448;"2015-06-10";140;2
449;"2016-08-10";140;1
449;"2016-08-10";0;1
450;"2014-06-25";100;4
451;"2017-11-09";0;4
452;"2014-08-12";150;2
454;"2016-10-24";140;3
454;"2014-08-12";125;2
454;"2016-06-23";140;3
453;"2014-06-25";125;2
453;"2014-08-26";125;2
455;"2014-06-25";125;2
455;"2015-05-05";140;2
455;"2012-10-23";95;2
455;"2016-06-23";140;2
455;"2014-10-09";140;2
456;"2017-09-19";140;1
457;"2012-11-01";95;2
458;"2014-08-12";300;3
459;"2016-06-23";150;2
460;"2013-10-08";300;1
460;"2013-10-08";150;2
460;"2013-11-11";150;3
460;"2013-11-11";300;3
461;"2012-10-11";0;2
461;"2013-11-17";0;2
462;"2014-10-09";140;2
463;"2017-11-09";140;2
463;"2017-08-24";140;2
464;"2013-08-13";300;2
464;"2015-06-10";140;2
464;"2015-08-12";140;2
464;"2016-09-06";140;2
464;"2016-10-24";140;2
464;"2015-07-30";140;2
464;"2017-07-27";140;2
464;"2017-08-24";140;2
464;"2013-11-11";125;2
464;"2017-06-22";140;2
465;"2014-09-09";0;2
466;"2016-09-06";140;2
467;"2017-06-22";300;3
468;"2017-10-16";140;1
469;"2012-10-23";95;4
469;"2013-10-17";125;3
469;"2014-06-25";125;3
469;"2014-08-12";125;3
469;"2013-08-27";125;3
469;"2016-09-06";140;2
469;"2012-10-11";95;1
469;"2015-08-26";140;3
470;"2014-08-26";300;1
471;"2013-10-17";0;2
472;"2013-11-17";150;2
473;"2015-12-07";300;2
473;"2015-12-07";300;2
473;"2015-12-07";300;2
474;"2013-10-08";125;1
474;"2013-11-17";125;1
474;"2014-10-09";100;1
474;"2013-08-13";125;1
474;"2015-08-12";140;2
474;"2015-11-30";140;2
474;"2016-11-10";140;2
474;"2014-11-11";140;2
474;"2017-10-16";140;2
474;"2016-11-30";140;2
474;"2012-10-11";95;2
475;"2015-06-10";0;1
476;"2015-07-30";140;3
477;"2013-10-08";125;4
477;"2014-05-05";125;2
477;"2014-08-12";125;6
477;"2015-05-05";140;4
477;"2013-11-17";125;4
477;"2015-11-11";140;4
477;"2015-11-30";140;3
477;"2016-04-03";140;3
477;"2015-07-30";140;4
477;"2016-11-10";140;4
477;"2017-06-22";140;3
477;"2013-08-27";125;3
477;"2017-07-27";140;4
477;"2016-08-10";140;5
478;"2015-10-15";140;2
478;"2013-11-17";300;2
478;"2013-11-17";150;2
479;"2013-08-13";125;2
480;"2015-10-15";140;2
480;"2013-08-27";125;2
480;"2014-10-09";140;2
482;"2016-11-10";300;2
481;"2013-10-08";0;1
481;"2014-11-11";0;2
481;"2015-05-05";0;2
481;"2013-11-11";0;4
481;"2015-08-26";0;2
481;"2015-10-15";0;2
481;"2016-11-10";0;1
481;"2016-11-30";0;1
481;"2017-12-14";0;2
481;"2013-11-17";0;2
481;"2015-08-12";0;2
483;"2013-11-17";0;3
484;"2014-08-12";125;2
484;"2015-07-30";140;2
484;"2015-11-11";140;2
484;"2015-11-30";140;2
484;"2017-07-27";140;2
484;"2017-12-14";140;2
484;"2015-09-08";140;2
485;"2015-09-08";140;2
486;"2013-10-17";150;2
486;"2014-06-25";125;2
486;"2014-11-11";140;2
486;"2014-05-05";125;2
486;"2015-06-17";140;1
486;"2014-08-12";125;2
486;"2015-08-26";140;2
486;"2015-05-05";140;3
486;"2015-11-30";140;3
486;"2015-07-30";140;3
486;"2016-08-10";140;2
486;"2016-08-23";140;2
486;"2016-10-24";140;2
486;"2017-08-24";140;2
486;"2017-09-19";140;3
486;"2017-12-14";140;3
486;"2015-10-15";140;2
486;"2016-04-03";140;1
487;"2015-08-26";150;2
487;"2015-08-26";300;1
487;"2016-04-03";140;2
489;"2014-11-11";150;2
489;"2014-11-11";300;2
490;"2015-06-17";140;3
490;"2015-06-10";140;3
490;"2015-08-12";140;4
490;"2015-05-05";140;3
488;"2012-10-23";95;2
488;"2012-11-11";95;2
488;"2013-06-25";125;4
488;"2013-07-30";125;3
488;"2013-11-17";125;2
488;"2014-05-05";125;2
488;"2014-06-25";125;2
488;"2014-08-12";125;4
488;"2014-08-26";125;3
488;"2014-10-09";140;3
488;"2017-06-22";140;2
488;"2017-07-27";140;2
488;"2012-11-01";95;2
488;"2017-10-16";140;2
488;"2017-12-14";140;2
488;"2015-06-10";140;2
488;"2016-09-06";140;2
488;"2013-06-11";125;2
488;"2015-11-11";140;3
488;"2016-08-10";140;2
488;"2016-10-24";140;2
488;"2016-11-10";140;2
488;"2017-09-19";140;2
488;"2014-11-11";140;2
491;"2014-08-12";125;2
491;"2014-09-09";125;4
491;"2017-06-22";140;2
491;"2017-09-06";0;3
491;"2017-10-16";140;2
491;"2015-09-08";140;2
491;"2017-12-14";140;2
491;"2015-07-30";140;2
492;"2013-11-11";0;2
493;"2017-11-09";0;1
494;"2012-10-11";0;1
495;"2015-07-30";300;2
495;"2016-08-23";140;2
495;"2015-07-30";300;2
496;"2014-11-11";300;2
497;"2013-08-13";300;3
498;"2016-10-24";0;1
498;"2016-09-06";0;1
499;"2013-11-17";150;2
500;"2016-04-03";140;2
501;"2017-09-06";140;2
501;"2017-07-27";140;2
501;"2017-08-24";140;2
502;"2015-07-30";140;2
502;"2015-08-12";140;2
502;"2015-08-26";140;2
503;"2016-09-06";0;2
504;"2015-10-15";140;1
505;"2014-06-25";125;2
505;"2016-06-23";140;2
505;"2016-08-10";140;2
505;"2016-08-23";140;2
505;"2016-04-03";140;2
505;"2017-07-27";140;2
505;"2017-09-06";140;2
505;"2017-09-19";140;2
505;"2016-10-24";140;2
505;"2017-12-14";140;2
505;"2015-12-07";140;2
506;"2013-11-17";125;4
506;"2013-10-08";125;2
507;"2016-08-23";140;2
508;"2015-09-08";140;2
508;"2016-09-06";140;2
508;"2017-09-06";140;4
508;"2014-10-09";140;2
508;"2013-10-17";125;2
509;"2015-11-30";140;4
509;"2016-06-23";140;2
509;"2016-08-23";140;2
509;"2016-10-24";140;2
509;"2017-06-22";140;2
509;"2017-08-24";140;2
509;"2014-11-11";300;2
509;"2017-10-16";140;2
509;"2017-11-09";140;2
509;"2017-12-14";140;2
509;"2016-09-06";140;2
509;"2017-09-06";140;2
510;"2016-04-03";140;2
511;"2016-04-03";140;1
511;"2016-08-10";140;1
511;"2015-08-12";140;1
511;"2015-10-15";140;1
512;"2015-09-08";50;1
512;"2016-08-23";140;2
512;"2013-06-11";125;1
513;"2014-08-26";125;4
513;"2014-11-11";140;2
514;"2014-09-09";0;3
515;"2014-10-09";0;3
515;"2014-11-11";0;2
515;"2015-08-12";0;2
516;"2015-08-26";300;2
517;"2016-04-03";300;2
518;"2015-06-10";140;1
518;"2015-06-17";140;1
519;"2017-07-27";150;2
519;"2017-07-27";300;1
520;"2015-10-15";140;2
521;"2013-11-17";300;2
521;"2014-11-11";140;3
521;"2015-12-07";140;2
521;"2016-10-24";140;3
521;"2017-09-19";140;3
521;"2014-08-26";125;2
522;"2013-06-25";125;2
523;"2013-11-17";300;1
523;"2013-11-17";150;1
523;"2015-06-10";140;1
523;"2015-05-05";140;1
523;"2017-07-27";140;1
523;"2015-07-30";140;1
525;"2014-11-11";0;2
525;"2015-10-15";300;2
525;"2015-11-11";0;2
525;"2013-11-17";0;2
527;"2014-10-09";140;2
527;"2014-11-11";140;2
527;"2015-05-05";140;2
526;"2014-10-09";140;2
524;"2013-11-17";125;2
530;"2016-11-10";300;1
528;"2017-12-14";0;1
529;"2013-10-08";0;2
529;"2013-11-11";0;2
529;"2014-11-11";0;2
529;"2013-11-17";0;2
531;"2014-06-25";100;2
532;"2016-11-30";0;5
533;"2016-10-24";0;2
533;"2017-11-09";0;2
533;"2015-10-15";0;2
534;"2014-06-25";125;2
535;"2013-11-17";150;1
537;"2015-10-15";0;2
536;"2013-07-30";0;1
538;"2013-07-30";0;2
538;"2013-10-08";0;2
538;"2013-08-27";0;2
539;"2013-08-13";125;2
539;"2013-08-27";125;2
539;"2015-07-30";140;4
540;"2016-11-10";150;1
541;"2014-11-11";300;1
541;"2014-11-11";150;1
543;"2016-09-06";140;2
543;"2016-10-24";140;3
543;"2017-07-27";140;2
543;"2015-08-26";150;2
543;"2017-11-09";140;2
542;"2012-10-23";95;2
544;"2014-11-11";140;2
544;"2015-11-11";140;2
545;"2015-05-05";140;1
547;"2015-11-30";140;1
547;"2017-06-22";140;1
547;"2016-08-10";140;1
547;"2016-09-06";140;1
547;"2015-07-30";140;1
548;"2016-08-23";0;1
548;"2016-06-23";0;1
546;"2015-06-10";0;2
549;"2017-11-09";0;1
550;"2016-04-03";150;1
550;"2016-04-03";300;1
551;"2014-05-05";0;2
551;"2015-08-26";140;5
551;"2016-08-23";0;2
551;"2017-07-27";140;5
551;"2017-08-24";140;2
551;"2017-11-09";140;2
551;"2017-12-14";140;2
551;"2016-10-24";140;4
552;"2017-12-14";0;2
552;"2017-11-09";0;4
553;"2015-05-05";300;1
553;"2015-05-05";150;1
553;"2015-06-17";140;2
553;"2015-07-30";140;2
553;"2017-07-27";140;2
553;"2015-06-10";140;2
553;"2017-11-09";140;2
553;"2017-09-06";140;2
554;"2016-11-30";0;2
555;"2013-08-27";0;1
556;"2016-08-10";150;1
557;"2016-11-10";150;2
558;"2012-11-01";0;2
558;"2013-06-25";0;2
558;"2014-05-05";0;2
558;"2016-10-24";0;2
559;"2017-07-27";300;2
560;"2013-11-17";150;2
561;"2015-05-05";140;2
562;"2015-07-30";95;2
563;"2013-07-30";0;1
564;"2014-09-09";125;1
564;"2014-11-11";140;1
564;"2015-06-10";140;1
564;"2014-06-25";0;1
564;"2016-08-23";140;1
564;"2017-07-27";140;1
564;"2015-11-30";140;1
565;"2014-08-12";300;2
566;"2015-07-30";140;5
567;"2015-07-30";150;2
568;"2015-11-30";0;2
569;"2014-06-25";125;1
569;"2014-08-26";125;2
569;"2015-06-10";140;3
569;"2015-07-30";140;2
569;"2015-08-12";140;3
569;"2016-06-23";140;2
569;"2016-08-10";140;2
569;"2016-09-06";140;2
569;"2016-10-24";140;2
569;"2016-11-10";140;2
569;"2016-11-30";140;1
569;"2017-06-22";140;2
569;"2017-09-06";140;2
569;"2014-05-05";125;2
569;"2017-10-16";140;2
570;"2015-07-30";140;3
571;"2013-10-08";150;2
572;"2013-11-11";125;3
572;"2013-11-17";125;1
573;"2014-09-09";125;1
573;"2014-11-11";140;1
573;"2015-09-08";140;1
573;"2013-11-17";300;1
573;"2017-09-19";140;1
573;"2015-11-11";140;1
574;"2013-11-11";150;2
574;"2014-10-09";140;2
574;"2015-11-30";140;2
574;"2015-05-05";140;2
575;"2017-08-24";140;2
576;"2017-09-19";0;2
577;"2017-12-14";0;1
578;"2014-06-25";125;2
578;"2014-10-09";140;2
578;"2015-11-11";140;2
578;"2016-11-10";140;3
578;"2017-10-16";140;3
578;"2015-05-05";140;3
578;"2017-12-14";140;2
579;"2017-11-09";0;1
580;"2013-06-11";125;2
581;"2013-08-13";0;1
581;"2013-11-11";0;2
581;"2015-08-12";0;2
581;"2015-11-30";0;1
581;"2016-10-24";0;1
581;"2016-11-10";0;1
581;"2017-11-09";0;1
581;"2013-10-08";0;2
582;"2014-05-05";125;2
582;"2014-06-25";125;2
582;"2014-08-26";125;2
582;"2014-09-09";125;2
582;"2014-10-09";140;2
582;"2014-08-12";125;2
582;"2015-06-10";140;2
582;"2015-06-17";140;2
582;"2015-07-30";140;2
582;"2015-08-12";140;2
582;"2015-08-26";140;2
582;"2015-09-08";140;2
582;"2014-11-11";140;2
583;"2017-08-24";140;2
584;"2016-10-24";0;2
584;"2016-10-24";50;4
585;"2016-08-10";140;1
585;"2016-11-30";140;2
586;"2013-06-11";125;2
587;"2015-09-08";140;1
588;"2013-10-17";0;2
588;"2013-11-17";0;2
588;"2015-05-05";0;3
588;"2015-06-17";0;2
588;"2015-08-12";0;2
588;"2015-09-08";0;2
588;"2015-10-15";0;2
588;"2015-11-30";0;2
588;"2016-04-03";0;2
588;"2016-09-06";0;2
588;"2013-07-30";0;2
589;"2016-04-03";95;4
590;"2017-07-27";140;1
591;"2015-09-08";50;1
592;"2013-10-08";125;2
593;"2017-07-27";150;1
594;"2017-11-09";0;1
594;"2017-12-14";0;1
595;"2013-10-17";125;2
595;"2013-11-17";125;2
595;"2014-09-09";125;2
595;"2013-10-08";125;2
595;"2014-11-11";140;2
595;"2015-08-12";140;2
595;"2015-11-11";140;2
595;"2014-10-09";140;2
595;"2017-09-06";140;3
595;"2017-10-16";140;2
595;"2017-12-14";140;4
595;"2017-06-22";140;2
596;"2016-08-10";150;2
597;"2013-11-11";0;2
597;"2013-11-11";0;2
598;"2015-07-30";140;1
598;"2015-08-12";140;2
598;"2015-09-08";140;2
598;"2015-08-26";140;1
599;"2017-09-06";140;2
599;"2017-11-09";140;2
599;"2017-12-14";140;1
600;"2015-12-07";140;2
600;"2015-09-08";140;2
601;"2013-11-11";125;2
602;"2013-11-17";150;4
603;"2015-11-11";140;2
604;"2013-10-17";300;2
605;"2017-11-09";0;3
606;"2016-04-03";95;2
607;"2012-10-23";0;2
607;"2013-06-11";125;2
607;"2013-06-25";125;2
607;"2013-10-08";125;2
607;"2012-11-11";95;2
607;"2013-11-17";125;2
607;"2014-05-05";125;2
607;"2014-09-09";125;2
607;"2014-10-09";140;2
607;"2015-12-07";140;2
607;"2016-11-30";140;2
607;"2017-06-22";140;2
607;"2013-11-11";125;2
608;"2015-10-15";140;2
609;"2016-10-24";0;2
610;"2015-08-26";140;2
610;"2015-09-08";140;2
610;"2015-10-15";140;2
610;"2016-09-06";140;2
610;"2016-10-24";140;2
610;"2016-08-23";140;2
611;"2015-10-15";0;1
611;"2016-11-10";0;1
612;"2013-10-08";125;3
613;"2013-10-17";300;1
614;"2013-07-30";125;1
615;"2015-06-10";140;1
615;"2015-08-26";140;1
615;"2017-12-14";140;1
615;"2015-08-12";140;1
616;"2017-12-14";0;2
617;"2014-08-12";125;2
618;"2013-10-08";125;6
619;"2014-09-09";125;2
619;"2015-05-05";140;3
620;"2013-10-08";300;2
621;"2017-12-14";140;2
622;"2015-07-30";300;3
623;"2013-10-08";125;2
623;"2013-11-17";125;4
624;"2012-11-11";95;2
624;"2013-10-08";125;2
624;"2013-10-17";125;2
624;"2013-11-11";125;1
624;"2013-11-17";125;2
624;"2014-11-11";140;1
625;"2013-08-13";150;1
627;"2016-06-23";140;1
627;"2016-08-10";140;2
626;"2013-08-13";150;2
628;"2012-10-23";150;1
628;"2012-11-11";150;2
628;"2013-10-17";150;1
628;"2013-11-17";150;1
628;"2014-05-05";125;2
628;"2014-10-09";140;2
628;"2015-07-30";140;1
629;"2015-08-12";140;2
630;"2013-11-11";125;2
631;"2014-06-25";125;2
631;"2014-08-12";125;2
631;"2014-08-26";125;2
631;"2014-09-09";125;2
632;"2015-10-15";140;2
633;"2013-08-13";125;2
634;"2013-11-11";0;2
635;"2013-11-11";125;2
635;"2014-05-05";125;2
635;"2014-06-25";125;2
635;"2014-08-12";125;2
635;"2014-08-26";125;2
635;"2014-09-09";125;2
635;"2014-11-11";140;2
635;"2015-05-05";140;2
635;"2015-06-17";140;2
635;"2015-07-30";140;2
635;"2015-08-12";140;2
635;"2015-08-26";140;2
635;"2015-09-08";140;2
635;"2015-11-11";140;2
635;"2015-12-07";140;2
635;"2016-06-23";140;2
635;"2016-08-23";140;2
635;"2016-10-24";140;2
635;"2017-06-22";140;2
635;"2017-07-27";140;2
635;"2017-08-24";140;2
635;"2017-09-06";140;2
635;"2017-10-16";140;2
635;"2017-11-09";140;2
635;"2017-12-14";140;2
636;"2013-11-11";150;2
636;"2014-06-25";125;2
636;"2014-10-09";140;2
636;"2014-11-11";140;2
636;"2015-10-15";140;2
636;"2015-11-11";140;1
636;"2015-12-07";140;2
636;"2016-10-24";140;2
636;"2016-11-10";140;1
636;"2016-11-30";140;1
636;"2017-11-09";140;2
636;"2017-12-14";140;3
637;"2013-10-08";150;2
637;"2013-10-17";150;2
637;"2013-11-17";150;2
640;"2015-11-30";140;2
640;"2016-11-10";140;2
639;"2015-06-10";140;4
641;"2017-08-24";140;2
638;"2014-10-09";140;2
638;"2014-11-11";140;2
642;"2015-11-11";0;1
643;"2015-09-08";140;2
644;"2012-10-11";0;1
645;"2014-08-26";125;2
646;"2013-11-17";300;1
646;"2013-11-17";150;1
646;"2014-05-05";125;2
646;"2015-11-30";140;2
646;"2015-12-07";140;2
646;"2017-11-09";140;2
647;"2014-11-11";140;2
647;"2017-09-06";140;1
648;"2017-09-19";300;1
648;"2017-09-19";150;1
650;"2017-12-14";0;2
649;"2014-08-12";100;1
651;"2016-04-03";140;2
652;"2015-10-15";140;1
652;"2015-11-11";150;3
652;"2015-11-30";140;1
652;"2015-11-30";140;1
653;"2016-11-10";150;2
654;"2013-08-27";0;1
654;"2013-08-27";125;1
655;"2013-06-11";125;2
655;"2013-06-25";125;3
655;"2013-07-30";125;2
655;"2013-08-27";125;3
655;"2013-10-08";125;2
655;"2013-11-17";125;4
655;"2014-05-05";125;2
655;"2014-08-26";125;2
655;"2014-11-11";140;4
655;"2016-06-23";140;2
655;"2017-09-19";140;2
656;"2013-07-30";125;2
656;"2013-08-13";125;2
657;"2014-11-11";150;2
657;"2015-11-11";140;2
658;"2012-11-11";95;3
659;"2014-08-12";300;1
659;"2016-08-10";140;2
660;"2016-11-10";140;2
661;"2014-10-09";100;2
662;"2014-11-11";140;2
663;"2017-11-09";0;4
664;"2014-10-09";140;2
664;"2015-06-10";140;2
664;"2015-08-12";140;2
664;"2015-11-11";140;2
664;"2015-12-07";140;2
664;"2016-10-24";140;2
664;"2017-10-16";140;2
666;"2014-06-25";125;2
665;"2013-10-08";125;2
665;"2016-06-23";140;2
667;"2013-08-27";125;3
667;"2013-10-08";125;2
667;"2013-11-11";125;2
667;"2014-05-05";125;2
667;"2014-06-25";125;2
667;"2015-06-10";140;2
667;"2015-10-15";140;2
667;"2016-11-10";140;1
667;"2017-06-22";140;2
668;"2015-09-08";50;2
669;"2014-08-12";150;2
670;"2013-07-30";0;1
670;"2013-08-13";0;2
670;"2013-08-27";0;2
671;"2017-09-19";300;3
671;"2017-09-19";150;1
672;"2014-08-12";125;2
673;"2014-10-09";300;3
674;"2012-11-01";95;2
674;"2013-06-11";125;2
675;"2017-07-27";140;1
676;"2013-11-11";125;2
677;"2013-08-13";300;1
677;"2013-08-13";150;1
678;"2016-11-10";300;2
679;"2014-06-25";0;2
679;"2014-08-26";0;2
679;"2015-05-05";0;1
679;"2015-08-12";0;1
680;"2014-09-09";125;2
681;"2015-08-26";300;1
682;"2015-07-30";0;2
682;"2016-04-03";0;2
682;"2016-10-24";0;2
683;"2014-09-09";300;2
683;"2014-09-09";150;10
684;"2013-08-13";125;2
685;"2012-11-11";95;2
686;"2014-05-05";125;3
687;"2012-10-11";300;1
688;"2017-07-27";300;2
689;"2015-09-08";140;2
689;"2016-04-03";140;1
689;"2016-10-24";140;2
689;"2017-10-16";140;2
690;"2013-10-17";150;1
691;"2017-07-27";140;2
692;"2015-09-08";150;2
694;"2014-08-12";125;2
693;"2013-11-11";125;3
693;"2015-11-30";140;2
695;"2013-11-17";150;2
696;"2014-05-05";125;2
696;"2014-09-09";125;2
696;"2015-09-08";140;2
696;"2016-08-10";140;2
696;"2016-11-10";140;2
697;"2017-08-24";300;1
697;"2017-08-24";150;3
698;"2017-07-27";95;1
699;"2017-11-09";0;2
700;"2013-07-30";125;2
700;"2013-08-13";125;2
700;"2013-08-27";125;2
700;"2013-10-08";125;1
700;"2013-10-17";125;2
700;"2015-12-07";140;1
701;"2016-08-23";140;1
702;"2016-10-24";0;2
702;"2016-10-24";50;4
703;"2013-11-11";300;1
704;"2014-06-25";125;2
704;"2014-08-12";125;2
704;"2014-09-09";125;2
704;"2014-10-09";140;2
704;"2015-08-26";140;2
704;"2015-11-30";140;2
704;"2016-10-24";140;3
704;"2017-07-27";140;2
704;"2017-08-24";140;4
704;"2017-09-19";140;1
706;"2017-12-14";140;2
706;"2014-10-09";140;2
706;"2016-10-24";140;2
707;"2013-11-17";125;2
705;"2016-08-23";140;2
705;"2017-09-06";140;2
705;"2017-12-14";140;2
705;"2015-08-26";140;2
705;"2015-11-30";140;1
705;"2014-08-12";150;3
705;"2015-08-12";140;3
705;"2017-06-22";140;2
705;"2017-07-27";140;2
705;"2015-12-07";140;2
705;"2016-08-10";140;2
705;"2017-08-24";140;2
708;"2014-08-12";300;2
708;"2015-06-10";140;2
708;"2015-08-12";140;2
708;"2015-08-26";140;3
709;"2014-08-26";125;2
710;"2017-07-27";140;4
711;"2015-05-05";140;2
712;"2013-10-17";125;2
712;"2014-05-05";125;2
712;"2014-06-25";125;1
712;"2015-10-15";140;2
712;"2016-09-06";140;1
713;"2016-10-24";0;2
714;"2015-08-26";150;2
715;"2014-08-26";125;1
715;"2014-09-09";125;2
715;"2014-10-09";140;2
717;"2017-10-16";140;2
717;"2017-11-09";140;2
717;"2017-09-19";140;2
716;"2014-10-09";150;2
716;"2014-11-11";150;2
718;"2017-12-14";140;2
719;"2014-10-09";140;2
719;"2016-08-23";140;2
720;"2015-05-05";150;2
720;"2015-07-30";150;2
720;"2015-08-12";150;2
720;"2015-09-08";150;2
721;"2017-08-24";0;2
721;"2017-09-06";0;2
722;"2017-07-27";140;2
723;"2013-10-17";125;2
723;"2013-11-11";125;2
723;"2014-10-09";140;2
724;"2014-10-09";140;2
724;"2015-11-11";140;2
725;"2014-08-12";150;1
726;"2015-07-30";140;1
726;"2015-09-08";140;1
731;"2016-10-24";140;2
728;"2013-06-11";0;2
730;"2014-09-09";0;2
730;"2015-05-05";0;2
730;"2014-06-25";0;2
730;"2015-07-30";0;2
730;"2016-08-10";0;2
730;"2014-08-26";0;4
730;"2016-09-06";0;2
730;"2014-08-12";0;2
730;"2017-08-24";0;2
730;"2017-06-22";0;2
730;"2017-07-27";0;2
730;"2015-06-10";0;2
730;"2016-06-23";0;2
730;"2017-09-06";0;2
730;"2017-09-19";0;2
730;"2017-10-16";0;2
730;"2017-11-09";0;2
727;"2012-11-01";95;2
727;"2012-11-11";95;2
729;"2013-06-25";125;2
729;"2013-07-30";125;2
729;"2013-08-13";125;2
729;"2013-08-27";125;2
729;"2013-11-11";125;3
729;"2013-11-17";125;2
729;"2015-11-11";140;3
729;"2014-08-12";125;2
729;"2017-11-09";140;2
729;"2014-08-26";125;2
729;"2016-08-23";140;2
729;"2015-06-10";140;4
729;"2014-10-09";140;5
729;"2014-11-11";140;2
729;"2015-08-12";140;4
729;"2017-07-27";140;2
729;"2016-09-06";140;2
729;"2015-11-30";140;2
732;"2015-09-08";300;1
733;"2014-05-05";125;1
733;"2014-09-09";125;2
734;"2016-08-10";300;5
735;"2016-11-10";0;1
736;"2017-07-27";95;2
737;"2016-06-23";0;2
739;"2016-08-23";150;2
738;"2012-11-11";95;6
740;"2014-11-11";140;4
740;"2015-11-11";140;4
741;"2012-11-01";300;2
741;"2012-11-01";150;1
741;"2014-06-25";125;4
741;"2014-08-12";125;3
741;"2014-08-26";125;3
741;"2014-10-09";140;4
741;"2015-08-26";140;4
741;"2015-12-07";140;3
741;"2016-08-23";140;3
741;"2016-10-24";140;3
742;"2015-11-11";140;3
743;"2012-10-23";95;2
743;"2012-11-11";95;2
744;"2014-11-11";0;2
744;"2015-08-12";0;2
744;"2016-04-03";0;2
745;"2016-08-10";140;2
746;"2012-10-23";95;2
746;"2012-11-11";95;1
747;"2016-10-24";0;2
747;"2016-10-24";50;1
748;"2017-09-06";140;1
750;"2015-06-10";140;2
750;"2015-07-30";140;2
750;"2016-09-06";140;2
750;"2017-06-22";140;2
750;"2017-09-06";140;2
750;"2017-12-14";140;2
749;"2013-10-17";150;2
751;"2013-06-11";125;2
751;"2013-07-30";125;2
751;"2013-08-13";125;2
751;"2013-08-27";125;2
751;"2015-05-05";140;2
751;"2015-06-10";140;2
751;"2015-06-17";140;2
751;"2015-07-30";140;2
751;"2015-08-12";140;2
751;"2015-08-26";140;2
751;"2015-09-08";140;2
751;"2016-08-10";140;2
752;"2013-11-11";125;2
752;"2014-05-05";125;2
752;"2014-06-25";125;2
752;"2014-08-12";125;2
752;"2014-08-26";125;2
752;"2014-09-09";125;2
752;"2016-06-23";140;2
752;"2016-08-23";140;2
752;"2017-07-27";140;2
752;"2017-08-24";140;2
752;"2017-09-06";140;2
752;"2017-06-22";140;2
753;"2013-06-25";0;2
753;"2013-10-08";0;2
753;"2015-05-05";0;2
753;"2015-08-12";0;2
753;"2015-10-15";0;2
753;"2016-11-10";0;2
753;"2016-11-30";0;2
753;"2017-08-24";0;1
753;"2017-09-19";0;2
753;"2014-09-09";0;2
753;"2015-09-08";0;2
753;"2015-11-30";0;2
753;"2016-04-03";0;2
754;"2012-10-23";95;2
754;"2013-10-17";125;2
755;"2016-11-30";0;2
757;"2014-08-26";125;2
758;"2015-07-30";150;3
756;"2017-11-09";140;2
756;"2013-10-08";125;2
756;"2013-10-17";125;2
756;"2013-11-11";125;2
756;"2013-11-17";0;6
756;"2014-08-12";125;3
756;"2014-08-26";125;2
756;"2017-07-27";140;2
756;"2014-09-09";125;2
756;"2014-11-11";140;4
756;"2015-06-17";0;1
756;"2015-12-07";140;2
756;"2015-09-08";0;2
756;"2015-10-15";140;2
756;"2015-11-30";140;2
756;"2016-11-10";140;2
756;"2016-06-23";140;2
756;"2016-08-10";0;2
756;"2016-08-10";140;2
759;"2015-09-08";50;1
760;"2016-08-10";140;2
760;"2016-08-23";140;3
760;"2017-11-09";140;3
761;"2014-10-09";140;2
762;"2014-08-26";150;2
763;"2012-10-11";300;3
763;"2012-10-23";300;2
763;"2012-11-01";300;2
763;"2012-11-11";300;2
763;"2013-06-25";0;2
763;"2013-10-08";0;2
763;"2013-10-17";0;2
763;"2013-11-11";0;2
763;"2013-11-17";0;2
763;"2014-05-05";300;7
763;"2015-05-05";0;3
763;"2015-09-08";0;4
763;"2016-11-10";0;1
763;"2016-11-30";0;2
763;"2014-11-11";0;2
764;"2013-08-27";125;2
764;"2016-11-10";140;2
764;"2016-11-30";140;2
764;"2014-06-25";125;2
764;"2013-10-08";125;2
764;"2014-10-09";140;2
764;"2014-11-11";140;2
764;"2015-05-05";140;2
764;"2014-08-26";125;2
764;"2015-08-26";140;2
764;"2015-10-15";140;2
764;"2017-11-09";140;3
764;"2015-11-30";140;3
764;"2016-06-23";140;2
764;"2017-09-19";140;2
764;"2017-06-22";140;2
764;"2017-07-27";140;2
764;"2017-12-14";140;2
766;"2015-10-15";140;6
766;"2013-11-11";150;3
766;"2015-06-10";140;3
765;"2013-11-11";125;2
767;"2016-10-24";0;2
767;"2016-10-24";50;4
770;"2016-09-06";140;2
768;"2014-08-26";300;2
768;"2014-10-09";140;2
768;"2015-06-17";140;2
769;"2016-04-03";140;2
771;"2014-06-25";125;2
772;"2012-11-11";95;2
773;"2012-11-01";95;2
774;"2015-09-08";150;4
775;"2017-11-09";0;2
775;"2017-12-14";0;1
776;"2014-10-09";140;2
777;"2016-10-24";0;1
778;"2014-05-05";0;2
778;"2014-11-11";140;2
779;"2014-10-09";100;2
780;"2015-09-08";150;2
781;"2013-10-08";150;2
781;"2013-11-17";150;2
781;"2014-11-11";140;2
782;"2015-10-15";140;1
783;"2016-04-03";95;2
785;"2013-10-08";125;7
786;"2014-08-12";125;1
786;"2014-09-09";125;1
786;"2014-10-09";140;2
786;"2014-11-11";140;2
786;"2015-06-10";140;2
786;"2015-06-17";140;2
786;"2015-08-26";140;2
787;"2014-08-26";125;2
787;"2014-11-11";140;2
787;"2015-08-12";140;3
787;"2015-09-08";50;1
784;"2016-08-23";140;3
784;"2016-11-10";140;13
784;"2016-08-10";140;7
784;"2016-09-06";140;13
784;"2016-10-24";140;8
784;"2016-11-30";140;10
784;"2017-06-22";140;7
784;"2017-07-27";140;10
784;"2017-08-24";140;11
784;"2017-09-06";140;11
784;"2017-09-19";140;5
784;"2017-10-16";140;10
784;"2017-11-09";140;15
784;"2017-12-14";140;6
784;"2012-11-01";95;2
784;"2013-06-11";125;4
784;"2013-06-25";125;7
784;"2013-07-30";125;6
784;"2013-08-13";125;10
784;"2013-08-27";125;6
784;"2013-10-17";125;16
784;"2013-11-11";125;13
784;"2013-11-17";125;8
784;"2014-05-05";125;11
784;"2014-06-25";125;12
784;"2014-08-12";125;19
784;"2014-08-26";125;5
784;"2014-09-09";125;10
784;"2014-10-09";140;17
784;"2014-11-11";140;11
784;"2015-05-05";140;3
784;"2015-06-10";140;2
784;"2015-06-17";140;9
784;"2015-07-30";140;8
784;"2015-08-12";140;6
784;"2015-08-26";140;10
784;"2015-10-15";140;10
784;"2015-11-11";140;13
784;"2015-11-30";140;6
784;"2015-12-07";140;8
784;"2016-04-03";140;2
784;"2016-06-23";140;7
788;"2013-08-13";300;2
789;"2015-06-10";0;1
790;"2013-06-11";300;1
790;"2013-07-30";0;1
790;"2013-08-13";125;2
790;"2013-11-17";125;1
790;"2014-08-12";125;1
790;"2015-08-12";140;1
791;"2013-11-17";0;2
792;"2014-11-11";140;2
793;"2017-06-22";300;2
794;"2014-08-12";100;2
795;"2013-11-11";125;4
796;"2017-12-14";0;2
797;"2014-06-25";125;5
798;"2016-11-30";150;2
799;"2015-08-12";0;2
800;"2013-07-30";0;1
800;"2013-08-27";125;2
800;"2013-10-17";125;2
800;"2013-11-11";125;2
800;"2013-11-17";125;2
800;"2014-05-05";125;2
800;"2014-06-25";125;2
800;"2014-08-26";125;2
800;"2014-09-09";125;2
800;"2014-10-09";140;2
800;"2014-11-11";140;2
800;"2015-05-05";140;2
800;"2015-06-10";140;2
800;"2015-06-17";140;2
800;"2015-07-30";140;2
800;"2015-08-12";140;1
800;"2015-10-15";140;2
800;"2015-11-11";140;2
800;"2015-11-30";140;2
800;"2015-12-07";140;2
800;"2016-06-23";140;2
800;"2016-08-10";140;2
800;"2016-09-06";140;1
800;"2016-10-24";140;2
800;"2016-11-10";140;1
800;"2017-08-24";140;1
800;"2017-09-06";140;1
800;"2017-10-16";140;1
800;"2017-12-14";140;2
801;"2014-08-26";300;3
801;"2014-08-26";150;1
802;"2016-04-03";140;2
803;"2014-11-11";140;2
805;"2014-06-25";0;1
805;"2014-09-09";0;2
805;"2016-04-03";0;1
804;"2014-06-25";125;2
806;"2017-11-09";0;1
806;"2017-12-14";0;1
807;"2013-07-30";0;1
808;"2012-10-11";0;2
808;"2012-11-01";0;2
808;"2012-11-11";0;2
809;"2013-10-17";0;2
810;"2013-10-08";125;3
810;"2014-08-12";125;4
810;"2014-08-26";125;5
811;"2015-05-05";140;2
811;"2015-06-10";140;2
811;"2015-06-17";140;2
811;"2015-07-30";140;3
811;"2017-08-24";140;2
811;"2016-06-23";140;2
811;"2017-06-22";140;2
811;"2017-07-27";140;4
811;"2017-09-19";140;2
811;"2017-12-14";140;2
812;"2015-09-08";150;2
813;"2013-08-13";0;2
814;"2015-08-26";300;1
814;"2015-08-26";150;1
815;"2013-06-11";0;2
815;"2014-06-25";0;1
815;"2014-08-12";0;2
815;"2015-05-05";0;2
816;"2016-10-24";0;2
817;"2012-10-11";0;2
817;"2012-11-01";0;2
818;"2012-10-11";300;2
818;"2012-10-11";150;2
818;"2012-10-23";300;2
818;"2012-10-23";150;3
819;"2015-07-30";140;1
820;"2017-12-14";0;1
821;"2016-11-10";0;1
821;"2016-11-30";0;1
821;"2017-11-09";0;2
822;"2013-10-08";125;2
822;"2014-09-09";125;1
823;"2014-10-09";140;2
823;"2015-12-07";140;2
824;"2014-05-05";0;1
825;"2015-11-30";140;2
826;"2014-06-25";125;2
826;"2014-08-26";125;2
826;"2014-09-09";125;1
826;"2014-10-09";140;2
826;"2014-11-11";140;2
826;"2015-05-05";140;2
826;"2015-06-10";140;2
826;"2015-09-08";140;2
826;"2015-10-15";140;2
826;"2015-11-30";140;2
826;"2016-09-06";140;2
826;"2017-07-27";140;2
826;"2017-11-09";140;2
826;"2017-12-14";140;2
827;"2017-07-27";140;1
828;"2015-12-07";140;1
829;"2015-11-30";140;1
830;"2015-07-30";300;2
831;"2016-04-03";0;2
832;"2016-06-23";140;2
833;"2015-09-08";300;2
833;"2016-11-30";300;2
835;"2013-11-17";125;2
835;"2014-05-05";125;2
835;"2014-06-25";125;2
835;"2014-08-26";125;2
835;"2015-05-05";140;2
835;"2015-07-30";140;2
835;"2016-08-10";140;2
835;"2016-10-24";140;2
835;"2017-09-06";140;2
834;"2013-06-11";125;2
836;"2014-09-09";125;2
837;"2013-11-11";300;2
837;"2013-11-11";150;3
837;"2013-11-17";125;2
838;"2014-10-09";140;2
839;"2017-11-09";0;1
840;"2013-08-27";125;2
840;"2013-10-17";125;2
840;"2014-08-26";125;3
840;"2014-11-11";140;2
840;"2015-11-11";140;2
840;"2016-06-23";140;1
840;"2017-11-09";140;2
840;"2017-12-14";140;2
841;"2014-05-05";0;4
842;"2014-10-09";140;1
843;"2013-10-08";125;3
845;"2016-09-06";140;4
844;"2015-08-26";300;2
844;"2016-04-03";140;3
844;"2016-10-24";140;4
844;"2017-08-24";140;2
846;"2013-08-27";0;1
847;"2012-11-01";300;2
847;"2013-10-08";125;4
848;"2013-11-17";125;2
849;"2017-11-09";140;2
849;"2017-12-14";140;2
850;"2013-08-27";125;2
851;"2013-10-17";0;3
852;"2014-10-09";140;2
853;"2016-11-30";0;2
854;"2015-06-10";300;2
854;"2015-06-17";300;2
856;"2012-11-11";0;2
856;"2013-07-30";0;2
856;"2013-08-27";0;2
856;"2013-10-08";0;2
856;"2015-06-17";0;2
856;"2016-04-03";0;2
855;"2012-11-01";0;2
858;"2013-10-17";125;2
858;"2014-10-09";140;2
858;"2015-08-26";140;2
858;"2015-10-15";140;4
858;"2016-08-23";140;2
858;"2016-09-06";140;2
858;"2016-11-30";140;2
857;"2013-10-08";150;2
859;"2014-05-05";125;2
860;"2013-10-17";125;2
862;"2015-05-05";140;2
862;"2017-10-16";140;2
861;"2012-10-11";95;2
861;"2012-10-23";95;2
861;"2012-11-01";95;2
861;"2012-11-11";95;2
861;"2013-06-25";125;4
861;"2013-08-13";125;4
861;"2013-08-27";125;4
861;"2014-05-05";125;4
861;"2014-06-25";125;2
861;"2014-08-12";125;6
861;"2017-07-27";140;4
861;"2015-11-30";140;2
861;"2015-12-07";140;2
861;"2016-10-24";140;4
863;"2017-11-09";0;2
863;"2016-11-30";0;2
864;"2014-11-11";140;2
865;"2014-10-09";140;5
866;"2012-10-11";95;2
866;"2012-10-23";95;2
866;"2012-11-01";95;2
866;"2012-11-11";95;2
866;"2013-08-27";125;1
866;"2013-10-08";125;2
866;"2013-10-17";125;2
866;"2013-11-11";125;3
866;"2013-11-17";125;2
866;"2014-05-05";125;2
866;"2014-06-25";125;2
866;"2014-08-12";125;2
866;"2014-08-26";125;2
866;"2014-09-09";125;2
866;"2014-10-09";140;2
866;"2015-05-05";140;2
866;"2015-06-10";140;2
866;"2015-06-17";140;2
866;"2015-07-30";140;2
866;"2015-08-12";140;2
866;"2015-08-26";140;2
866;"2015-09-08";140;2
866;"2015-10-15";140;2
866;"2015-10-15";140;2
866;"2015-11-30";140;2
866;"2015-12-07";140;2
866;"2016-06-23";140;1
866;"2016-09-06";140;2
866;"2016-11-10";140;2
866;"2016-11-30";140;2
866;"2017-11-09";140;2
866;"2017-12-14";140;3
867;"2017-07-27";140;2
868;"2016-10-24";0;1
868;"2016-10-24";140;1
869;"2017-07-27";0;6
870;"2014-08-26";300;1
870;"2014-08-26";150;3
870;"2014-10-09";140;1
871;"2016-11-30";0;2
872;"2013-11-11";0;2
872;"2014-11-11";0;1
872;"2015-10-15";0;2
872;"2016-11-10";0;1
872;"2016-11-30";0;1
872;"2017-07-27";0;2
873;"2013-11-17";0;2
874;"2017-11-09";0;2
874;"2017-12-14";0;2
875;"2012-10-11";95;3
875;"2013-07-30";125;2
875;"2013-08-13";125;2
875;"2013-08-27";125;1
875;"2013-10-08";125;2
875;"2013-10-17";125;1
875;"2013-11-11";125;3
875;"2013-11-17";125;2
875;"2014-05-05";125;2
875;"2014-06-25";125;1
875;"2014-08-26";125;2
875;"2014-09-09";125;2
875;"2015-05-05";140;2
875;"2015-06-10";140;2
875;"2015-10-15";140;2
875;"2015-12-07";140;2
875;"2016-08-23";140;2
875;"2016-11-10";140;2
875;"2016-11-30";140;2
875;"2017-09-06";140;2
875;"2017-11-09";140;2
876;"2015-08-26";150;1
877;"2017-09-19";150;1
878;"2015-08-12";140;1
878;"2015-09-08";0;1
878;"2017-06-22";140;2
878;"2017-10-16";140;1
879;"2013-06-11";125;2
880;"2015-05-05";0;2
881;"2013-11-11";125;1
881;"2014-08-12";125;1
881;"2015-06-17";140;2
881;"2015-08-12";140;2
882;"2015-06-10";300;3
882;"2015-06-10";150;1
883;"2012-11-11";95;3
883;"2013-06-11";125;3
883;"2013-08-13";125;2
883;"2013-08-27";125;3
883;"2013-10-08";125;3
883;"2013-11-11";125;2
883;"2013-11-17";125;2
883;"2014-06-25";125;2
883;"2015-06-10";140;3
883;"2015-11-11";140;4
883;"2015-12-07";140;2
883;"2016-09-06";140;2
883;"2017-12-14";140;2
